{
  "manual_validation": false,
  "data": {
    "cif_original": "A00000001",
    "cif_uploaded": "A00000001",
    "cif_check": true,
    "importe_propuesta_original": 1000,
    "importe_propuesta_uploaded": 1000,
    "importe_propuesta_check": true,
	"riesgo_vivo_original": 0,
    "riesgo_vivo_uploaded": 0,
    "riesgo_vivo_check": true,
	"scoring_original": "C",
    "scoring_uploaded": "C",
    "scoring_check": true,
	"importe_impagado_original": 0,
    "importe_impagado_uploaded": 0,
    "importe_impagado_check": true,
	"importe_pendiente_original": 0,
    "importe_pendiente_uploaded": 0,
    "importe_pendiente_check": true,
	"result_aeat_original": true,
    "result_aeat_uploaded": true,
	"result_aeat_check": true   
  }
}

 