{
  "manual_validation": true,
  "data": {
    "cif_original": "A00000002",
    "cif_uploaded": "A00000002",
    "cif_check": true,
    "importe_propuesta_original": 10000,
    "importe_propuesta_uploaded": 10000,
    "importe_propuesta_check": true,
	"riesgo_vivo_original": 0,
    "riesgo_vivo_uploaded": 0,
    "riesgo_vivo_check": true,
	"scoring_original": "B",
    "scoring_uploaded": "CC",
    "scoring_check": false,
	"importe_impagado_original": 5000,
    "importe_impagado_uploaded": 5000,
    "importe_impagado_check": true,
	"importe_pendiente_original": 5000,
    "importe_pendiente_uploaded": 0,
    "importe_pendiente_check": false,
	"result_aeat_original": true,
    "result_aeat_uploaded": false,
	"result_aeat_check": false   
  }
}

 