{
	"_id": "6215f4fcb86e61300987e231",
	"actos": [
		{
			"Constitución": "Comienzo de operaciones: 29.10.08. Objeto social: Asesoramiento de tipo administrativo/comercial a personas físicas o jurídicas que tengan la condición de empresarios o profesionales. Compraventa, distribución y comercialización de todo tipo de maquinaria, herramientas y utensilios para obras. Compraventa, intermediación, actuación como comisionist. Domicilio: C/ MANUEL DOMINGUEZ 226 (CASAR (EL)). Capital: 3.006,00 Euros."
		},
		{
			"Nombramientos": {
				"Adm. Unico": [
					"GUERRA FERNANDEZ FRANCISCO- JAVIER"
				]
			}
		}
	],
	"header_RAW": "1477",
	"company_RAW": "CASTROCAR 2008, S.L",
	"urlpdf": "boe.es/borme/dias/2009/01/02/pdfs/BORME-A-2009-1-19.pdf",
	"section": "A",
	"province": "GUADALAJARA",
	"province_code": "19",
	"BO_date": "2009-01-02",
	"BA_date": "2008-11-18",
	"sucursal_name": null,
	"registry_data": "T 523 , F 160, S 8, H GU 7214, I/A 1 (18.11.08).",
	"rd_tome": "523",
	"rd_book": null,
	"rd_folio": "160",
	"rd_section": "8",
	"rd_sheet_province": "GU",
	"rd_sheet_number": "7214",
	"rd_sheet_bis": null,
	"rd_annotation": "1"
}