{
	"_id": "6215fa43b86e613009a17eee",
	"actos": [
		{
			"Constitución": "Comienzo de operaciones: 11.03.2010. Objeto social: -La explotación de apartamentos turísticos en régimen de asociado o de gestor. -Intermediación inmobiliaria y urbanística, en la promoción, adquisición, enajenación y explotación de fincas rústicas, urbanas o urbanizables. Gestión y prestación de servicios inmobiliarios. Capital: 3.006,00 Euros."
		},
		{
			"Nombramientos": {
				"Adm. Unico": [
					"JIMENEZ FERNANDEZ ANGEL"
				]
			}
		}
	],
	"header_RAW": "137765",
	"company_RAW": "CALPAI SL",
	"urlpdf": "boe.es/borme/dias/2010/04/06/pdfs/BORME-A-2010-63-21.pdf",
	"section": "A",
	"province": "HUELVA",
	"province_code": "21",
	"BO_date": "2010-04-06",
	"BA_date": "2010-03-16",
	"sucursal_name": null,
	"registry_data": "T 921 , F 111, S 8, H H 18413,H , I/ 1 .(16.03.10)",
	"rd_tome": "921",
	"rd_book": null,
	"rd_folio": "111",
	"rd_section": "8",
	"rd_sheet_province": "H",
	"rd_sheet_number": "18413",
	"rd_sheet_bis": null,
	"rd_annotation": "1"
}