{
	"_id": "6215fde2b86e613009d6100b",
	"actos": [
		{
			"Constitución": "Comienzo de operaciones: 2.02.22. Objeto social: La Sociedad tiene por objeto exclusivo el ejercicio en común de la actividad propia de los de los odontólogos, de tal manera que los actos propios de esta actividad profesional serán ejecutados directamente bajo la razón o denominación social y le serán atribuidos a la sociedad. Domicilio: C/ ALHAMAR 6 Esc.2 3º B (GRANADA). Capital: 60.000,00 Euros."
		},
		{
			"Nombramientos": {
				"Adm. Solid.": [
					"MARTINEZ DE LA TORRE MANUEL JESUS",
					"MEDINA CASAUBON PABLO LUIS"
				],
				"Soc. Prof.": [
					"MARTINEZ DE LA TORRE MANUEL JESUS",
					"MEDINA CASAUBON PABLO LUIS"
				]
			}
		}
	],
	"header_RAW": "81678",
	"company_RAW": "CLINICA GNATOS SLP",
	"urlpdf": "boe.es/borme/dias/2022/02/23/pdfs/BORME-A-2022-37-18.pdf",
	"section": "A",
	"province": "GRANADA",
	"province_code": "18",
	"BO_date": "2022-02-23",
	"BA_date": "2022-02-17",
	"sucursal_name": null,
	"registry_data": "T 1790 , F 73, S 8, H GR 57567, I/A 1 (17.02.22).",
	"rd_tome": "1790",
	"rd_book": null,
	"rd_folio": "73",
	"rd_section": "8",
	"rd_sheet_province": "GR",
	"rd_sheet_number": "57567",
	"rd_sheet_bis": null,
	"rd_annotation": "1"
}