{
	"_id": "6215fde2b86e613009d61096",
	"actos": [
		{
			"Constitución": "Comienzo de operaciones: 26.01.2226/01/2022. Objeto social: La realización de toda clase de actividades agrícolas, ya sea por cuenta propia o ajena, en tierras propias o de terceros. Domicilio: AVDA AUTONOMIA 38 D (BALLOBAR). Capital: 3.000,00 Euros."
		},
		{
			"Declaración de unipersonalidad": "Socio único: SASOT PERFONTAN MANUEL"
		},
		{
			"Nombramientos": {
				"Adm. Unico": [
					"SASOT PERFONTAN MANUEL"
				]
			}
		}
	],
	"header_RAW": "81697",
	"company_RAW": "AGRICOLA SEÑORE SOCIEDAD LIMITADA",
	"urlpdf": "boe.es/borme/dias/2022/02/23/pdfs/BORME-A-2022-37-22.pdf",
	"section": "A",
	"province": "HUESCA",
	"province_code": "22",
	"BO_date": "2022-02-23",
	"BA_date": "2022-02-17",
	"sucursal_name": null,
	"registry_data": "T 694 , F 153, S 8, H HU 14819, I/A 1 (17.02.22).",
	"rd_tome": "694",
	"rd_book": null,
	"rd_folio": "153",
	"rd_section": "8",
	"rd_sheet_province": "HU",
	"rd_sheet_number": "14819",
	"rd_sheet_bis": null,
	"rd_annotation": "1"
}