{
	"_id": "6215ffb3b86e613009e8a2e1",
	"actos": [
		{
			"Constitución": "Comienzo de operaciones: 2021/01/21. Objeto social: La actividad de hostelería y restauración. Domicilio: C/ CONCORDIA 24 - BAJO (OURENSE). Capital: 4.000,00 Euros."
		},
		{
			"Nombramientos": {
				"Adm. Unico": [
					"NOVOA SOUTO CASTOR"
				]
			}
		}
	],
	"header_RAW": "66780",
	"company_RAW": "MARINTO HOSTELERIA SL",
	"urlpdf": "boe.es/borme/dias/2012/02/09/pdfs/BORME-A-2012-28-32.pdf",
	"section": "A",
	"province": "ORENSE",
	"province_code": "32",
	"BO_date": "2012-02-09",
	"BA_date": "2012-01-30",
	"sucursal_name": null,
	"registry_data": "T 822 , F 185, S 8, H OR 13289, I/A 1 (30.01.12).",
	"rd_tome": "822",
	"rd_book": null,
	"rd_folio": "185",
	"rd_section": "8",
	"rd_sheet_province": "OR",
	"rd_sheet_number": "13289",
	"rd_sheet_bis": null,
	"rd_annotation": "1"
}